<?xml version='1.0' encoding='UTF-8' ?>
<timeLogEntries>
  <time id="40" path="/Calidad/PSP for Engineers/Program 5/Planning" start="@1519947417211" delta="8" flag="A" />
  <time id="41" path="/Calidad/PSP for Engineers/Program 5/Design" start="@1519949178906" delta="1" interrupt="87" flag="A" />
  <time id="42" path="/Calidad/PSP for Engineers/Program 5/Design Review" start="@1519954480053" delta="5" flag="A" />
  <time id="43" path="/Calidad/PSP for Engineers/Program 5/Design Review" start="@1519958050826" delta="1" flag="A" />
  <time id="44" flag="D" />
  <time id="45" flag="D" />
  <time id="46" path="/Calidad/PSP for Engineers/Program 5/Code" start="@1520227889035" delta="26" flag="A" />
  <time id="47" flag="D" />
  <time id="48" path="/Calidad/PSP for Engineers/Program 5/Code Review" start="@1520233568921" delta="1" interrupt="5" flag="A" />
  <time id="49" path="/Calidad/PSP for Engineers/Program 5/Code Review" start="@1520233920079" delta="1" flag="A" />
  <time id="50" path="/Calidad/PSP for Engineers/Program 5/Compile" start="@1520233935565" delta="1" flag="A" />
  <time id="51" path="/Calidad/PSP for Engineers/Program 5/Test" start="@1520234199620" delta="2" flag="A" />
  <time id="52" path="/Calidad/PSP for Engineers/Program 5/Postmortem" start="@1520234308129" delta="3" flag="A" />
</timeLogEntries>
