<?xml version='1.0' encoding='UTF-8' ?>
<timeLogEntries>
  <time id="2" path="/Calidad/PSP for Engineers/Program 1/Planning" start="@1516378932194" delta="9" />
  <time id="3" path="/Calidad/PSP for Engineers/Program 1/Design" start="@1516379460772" delta="3" />
  <time id="4" path="/Calidad/PSP for Engineers/Program 1/Code" start="@1516379665731" delta="19" />
  <time id="5" path="/Calidad/PSP for Engineers/Program 1/Compile" start="@1516380785000" delta="10" />
  <time id="6" path="/Calidad/PSP for Engineers/Program 1/Test" start="@1516382674000" delta="3" />
  <time id="7" path="/Calidad/PSP for Engineers/Program 1/Postmortem" start="@1516383264000" delta="3" interrupt="1" />
  <time id="8" path="/Calidad/PSP for Engineers/Program 2/Planning" start="@1517188161600" delta="6" />
  <time id="9" path="/Calidad/PSP for Engineers/Program 2/Design" start="@1517188536422" delta="2" interrupt="5" />
  <time id="10" path="/Calidad/PSP for Engineers/Program 2/Design" start="@1517189169927" delta="9" />
  <time id="11" path="/Calidad/PSP for Engineers/Program 2/Design" start="@1517190661156" delta="3" />
  <time id="12" path="/Calidad/PSP for Engineers/Program 2/Design" start="@1517191338080" delta="1" />
  <time id="13" path="/Calidad/PSP for Engineers/Program 2/Code" start="@1517191348623" delta="11" interrupt="11" />
  <time id="15" path="/Calidad/PSP for Engineers/Program 2/Code" start="@1517195092000" delta="16" />
  <time id="16" path="/Calidad/PSP for Engineers/Program 2/Test" start="@1517196114310" delta="4" />
  <time id="17" path="/Calidad/PSP for Engineers/Program 2/Postmortem" start="@1517196445116" delta="5" />
  <time id="18" path="/Calidad/PSP for Engineers/Program 2/Compile" start="@1517195400000" delta="1" />
  <time id="19" path="/Calidad/PSP for Engineers/Program 3/Planning" start="@1517691132883" delta="14" interrupt="10" />
  <time id="20" path="/Calidad/PSP for Engineers/Program 3/Planning" start="@1517692797568" delta="2" />
  <time id="21" path="/Calidad/PSP for Engineers/Program 3/Design" start="@1517692912373" delta="2" />
  <time id="22" path="/Calidad/PSP for Engineers/Program 3/Code" start="@1517693005082" delta="37" />
  <time id="23" path="/Calidad/PSP for Engineers/Program 3/Compile" start="@1517695248000" delta="1" />
  <time id="24" path="/Calidad/PSP for Engineers/Program 3/Test" start="@1517695257000" delta="6" />
  <time id="25" path="/Calidad/PSP for Engineers/Program 3/Postmortem" start="@1517722863653" delta="8" />
  <time id="26" path="/Calidad/PSP for Engineers/Program 4/Planning" start="@1518310151001" delta="2" />
  <time id="27" path="/Calidad/PSP for Engineers/Program 4/Planning" start="@1518310873851" delta="17" interrupt="1" />
  <time id="28" path="/Calidad/PSP for Engineers/Program 4/Design" start="@1518311991163" delta="3" />
  <time id="29" path="/Calidad/PSP for Engineers/Program 4/Code" start="@1518312153757" delta="16" />
  <time id="30" path="/Calidad/PSP for Engineers/Program 4/Compile" start="@1518313098610" delta="1" />
  <time id="31" path="/Calidad/PSP for Engineers/Program 4/Test" start="@1518313177141" delta="9" />
  <time id="33" path="/Calidad/PSP for Engineers/Program 4/Postmortem" start="@1518315923000" delta="10" interrupt="1" />
  <time id="34" path="/Calidad/PSP for Engineers/Interim Report/Planning" start="@1519092419000" delta="16" />
  <time id="35" path="/Calidad/PSP for Engineers/Interim Report/Research" start="@1519916697615" delta="2" />
  <time id="36" path="/Calidad/PSP for Engineers/Interim Report/Research" start="@1519918595639" delta="45" />
  <time id="37" path="/Calidad/PSP for Engineers/Interim Report/Development" start="@1519921278433" delta="10" />
  <time id="38" path="/Calidad/PSP for Engineers/Interim Report/Development" start="@1519923827254" delta="59" />
  <time id="39" path="/Calidad/PSP for Engineers/Interim Report/Postmortem" start="@1519929705984" delta="2" />
</timeLogEntries>
