<?xml version='1.0' encoding='UTF-8' ?>
<timeLogEntries>
  <time id="2" path="/Calidad/PSP for Engineers/Program 1/Planning" start="@1516378932194" delta="9" />
  <time id="3" path="/Calidad/PSP for Engineers/Program 1/Design" start="@1516379460772" delta="3" />
  <time id="4" path="/Calidad/PSP for Engineers/Program 1/Code" start="@1516379665731" delta="19" />
  <time id="5" path="/Calidad/PSP for Engineers/Program 1/Compile" start="@1516380785000" delta="10" />
  <time id="6" path="/Calidad/PSP for Engineers/Program 1/Test" start="@1516382674000" delta="3" />
  <time id="7" path="/Calidad/PSP for Engineers/Program 1/Postmortem" start="@1516383264000" delta="3" interrupt="1" />
  <time id="8" path="/Calidad/PSP for Engineers/Program 2/Planning" start="@1517188161600" delta="6" />
  <time id="9" path="/Calidad/PSP for Engineers/Program 2/Design" start="@1517188536422" delta="2" interrupt="5" />
  <time id="10" path="/Calidad/PSP for Engineers/Program 2/Design" start="@1517189169927" delta="9" />
  <time id="11" path="/Calidad/PSP for Engineers/Program 2/Design" start="@1517190661156" delta="3" />
  <time id="12" path="/Calidad/PSP for Engineers/Program 2/Design" start="@1517191338080" delta="1" />
  <time id="13" path="/Calidad/PSP for Engineers/Program 2/Code" start="@1517191348623" delta="11" interrupt="11" />
  <time id="15" path="/Calidad/PSP for Engineers/Program 2/Code" start="@1517195092000" delta="16" />
  <time id="16" path="/Calidad/PSP for Engineers/Program 2/Test" start="@1517196114310" delta="4" />
  <time id="17" path="/Calidad/PSP for Engineers/Program 2/Postmortem" start="@1517196445116" delta="5" />
  <time id="18" path="/Calidad/PSP for Engineers/Program 2/Compile" start="@1517195400000" delta="1" />
  <time id="19" path="/Calidad/PSP for Engineers/Program 3/Planning" start="@1517691132883" delta="14" interrupt="10" />
  <time id="20" path="/Calidad/PSP for Engineers/Program 3/Planning" start="@1517692797568" delta="2" />
  <time id="21" path="/Calidad/PSP for Engineers/Program 3/Design" start="@1517692912373" delta="2" />
  <time id="22" path="/Calidad/PSP for Engineers/Program 3/Code" start="@1517693005082" delta="37" />
  <time id="23" path="/Calidad/PSP for Engineers/Program 3/Compile" start="@1517695248000" delta="1" />
  <time id="24" path="/Calidad/PSP for Engineers/Program 3/Test" start="@1517695257000" delta="6" />
  <time id="25" path="/Calidad/PSP for Engineers/Program 3/Postmortem" start="@1517722863653" delta="8" />
  <time id="26" path="/Calidad/PSP for Engineers/Program 4/Planning" start="@1518310151001" delta="2" />
  <time id="27" path="/Calidad/PSP for Engineers/Program 4/Planning" start="@1518310873851" delta="17" interrupt="1" />
  <time id="28" path="/Calidad/PSP for Engineers/Program 4/Design" start="@1518311991163" delta="3" />
  <time id="29" path="/Calidad/PSP for Engineers/Program 4/Code" start="@1518312153757" delta="16" />
  <time id="30" path="/Calidad/PSP for Engineers/Program 4/Compile" start="@1518313098610" delta="1" />
  <time id="31" path="/Calidad/PSP for Engineers/Program 4/Test" start="@1518313177141" delta="9" />
  <time id="33" path="/Calidad/PSP for Engineers/Program 4/Postmortem" start="@1518315923000" delta="10" interrupt="1" />
  <time id="34" path="/Calidad/PSP for Engineers/Interim Report/Planning" start="@1519092419000" delta="16" />
  <time id="35" path="/Calidad/PSP for Engineers/Interim Report/Research" start="@1519916697615" delta="2" />
  <time id="36" path="/Calidad/PSP for Engineers/Interim Report/Research" start="@1519918595639" delta="45" />
  <time id="37" path="/Calidad/PSP for Engineers/Interim Report/Development" start="@1519921278433" delta="10" />
  <time id="38" path="/Calidad/PSP for Engineers/Interim Report/Development" start="@1519923827254" delta="59" />
  <time id="39" path="/Calidad/PSP for Engineers/Interim Report/Postmortem" start="@1519929705984" delta="2" />
  <time id="40" path="/Calidad/PSP for Engineers/Program 5/Planning" start="@1519947417211" delta="8" />
  <time id="41" path="/Calidad/PSP for Engineers/Program 5/Design" start="@1519949178906" delta="1" interrupt="87" />
  <time id="42" path="/Calidad/PSP for Engineers/Program 5/Design Review" start="@1519954480053" delta="5" />
  <time id="43" path="/Calidad/PSP for Engineers/Program 5/Design Review" start="@1519958050826" delta="1" />
  <time id="46" path="/Calidad/PSP for Engineers/Program 5/Code" start="@1520227889035" delta="26" />
  <time id="48" path="/Calidad/PSP for Engineers/Program 5/Code Review" start="@1520233568921" delta="1" interrupt="5" />
  <time id="49" path="/Calidad/PSP for Engineers/Program 5/Code Review" start="@1520233920079" delta="1" />
  <time id="50" path="/Calidad/PSP for Engineers/Program 5/Compile" start="@1520233935565" delta="1" />
  <time id="51" path="/Calidad/PSP for Engineers/Program 5/Test" start="@1520234199620" delta="2" />
  <time id="52" path="/Calidad/PSP for Engineers/Program 5/Postmortem" start="@1520234308129" delta="3" />
  <time id="53" path="/Calidad/PSP for Engineers/Program 6/Planning" start="@1521523653478" delta="6" />
  <time id="54" path="/Calidad/PSP for Engineers/Program 6/Planning" start="@1521525322406" delta="16" />
  <time id="55" path="/Calidad/PSP for Engineers/Program 6/Design" start="@1521526254592" delta="15" />
  <time id="56" path="/Calidad/PSP for Engineers/Program 6/Design Review" start="@1521527146684" delta="5" />
  <time id="57" path="/Calidad/PSP for Engineers/Program 6/Code" start="@1521527467261" delta="29" />
  <time id="58" path="/Calidad/PSP for Engineers/Program 6/Code Review" start="@1521529220824" delta="3" />
  <time id="59" path="/Calidad/PSP for Engineers/Program 6/Compile" start="@1521529389000" delta="1" />
  <time id="60" path="/Calidad/PSP for Engineers/Program 6/Test" start="@1521529509000" delta="2" />
  <time id="61" path="/Calidad/PSP for Engineers/Program 6/Postmortem" start="@1521529809000" delta="5" />
</timeLogEntries>
